| model                  |                 test |      t/s (total) |       t/s (req) |       peak t/s |   peak t/s (req) |          ttfr (ms) |       est_ppt (ms) |      e2e_ttft (ms) |
|:-----------------------|---------------------:|-----------------:|----------------:|---------------:|-----------------:|-------------------:|-------------------:|-------------------:|
| dsv4-vision-dspark-tp2 |          pp2048 (c1) |  1477.85 ± 55.15 | 1477.85 ± 55.15 |                |                  |    1390.96 ± 51.79 |    1387.73 ± 51.79 |    1390.96 ± 51.79 |
| dsv4-vision-dspark-tp2 |           tg128 (c1) |     45.69 ± 2.59 |    45.69 ± 2.59 |   53.00 ± 6.00 |     53.00 ± 6.00 |                    |                    |                    |
| dsv4-vision-dspark-tp2 |          pp2048 (c2) |   1916.72 ± 4.49 |   960.05 ± 2.26 |                |                  |     2136.47 ± 5.01 |     2133.24 ± 5.01 |     2136.47 ± 5.01 |
| dsv4-vision-dspark-tp2 |           tg128 (c2) |     56.73 ± 2.40 |    33.90 ± 5.60 |   75.50 ± 2.50 |     45.00 ± 6.20 |                    |                    |                    |
| dsv4-vision-dspark-tp2 |          pp2048 (c5) |  2176.06 ± 23.16 |   435.60 ± 4.64 |                |                  |    4705.36 ± 50.13 |    4702.13 ± 50.13 |    4705.36 ± 50.13 |
| dsv4-vision-dspark-tp2 |           tg128 (c5) |   102.74 ± 10.75 |    22.31 ± 2.34 | 148.00 ± 11.00 |     32.20 ± 2.96 |                    |                    |                    |
| dsv4-vision-dspark-tp2 |  ctx_pp @ d4096 (c1) |   1525.95 ± 1.09 |  1525.95 ± 1.09 |                |                  |     2688.11 ± 1.91 |     2684.88 ± 1.91 |     2688.11 ± 1.91 |
| dsv4-vision-dspark-tp2 |  ctx_tg @ d4096 (c1) |     37.51 ± 2.17 |    37.51 ± 2.17 |   45.00 ± 1.00 |     45.00 ± 1.00 |                    |                    |                    |
| dsv4-vision-dspark-tp2 |  pp2048 @ d4096 (c1) |    512.64 ± 1.38 |   512.64 ± 1.38 |                |                  |    3998.23 ± 10.75 |    3995.00 ± 10.75 |    3998.23 ± 10.75 |
| dsv4-vision-dspark-tp2 |   tg128 @ d4096 (c1) |     46.70 ± 0.34 |    46.70 ± 0.34 |   54.00 ± 1.00 |     54.00 ± 1.00 |                    |                    |                    |
| dsv4-vision-dspark-tp2 |  ctx_pp @ d4096 (c2) | 1626.71 ± 245.05 | 886.05 ± 113.85 |                |                  |   4717.60 ± 704.66 |   4714.37 ± 704.66 |   4717.60 ± 704.66 |
| dsv4-vision-dspark-tp2 |  ctx_tg @ d4096 (c2) |    53.30 ± 14.41 |    29.01 ± 6.11 |  71.50 ± 11.50 |     38.00 ± 5.10 |                    |                    |                    |
| dsv4-vision-dspark-tp2 |  pp2048 @ d4096 (c2) |    615.49 ± 8.89 |   307.93 ± 4.45 |                |                  |    6655.49 ± 96.17 |    6652.26 ± 96.17 |    6655.49 ± 96.17 |
| dsv4-vision-dspark-tp2 |   tg128 @ d4096 (c2) |     60.40 ± 3.03 |    31.60 ± 1.98 |   75.00 ± 2.00 |     39.00 ± 0.71 |                    |                    |                    |
| dsv4-vision-dspark-tp2 |  ctx_pp @ d4096 (c5) |  1981.05 ± 13.61 |  421.27 ± 21.27 |                |                  |   9753.57 ± 497.18 |   9750.34 ± 497.18 |   9753.57 ± 497.18 |
| dsv4-vision-dspark-tp2 |  ctx_tg @ d4096 (c5) |     88.12 ± 3.31 |    20.50 ± 1.40 |  134.00 ± 3.00 |     31.70 ± 2.90 |                    |                    |                    |
| dsv4-vision-dspark-tp2 |  pp2048 @ d4096 (c5) |    659.63 ± 7.60 |  144.25 ± 16.44 |                |                  | 14374.92 ± 1528.58 | 14371.69 ± 1528.58 | 14374.92 ± 1528.58 |
| dsv4-vision-dspark-tp2 |   tg128 @ d4096 (c5) |    67.36 ± 10.26 |    19.10 ± 3.46 |  132.50 ± 2.50 |     30.20 ± 2.09 |                    |                    |                    |
| dsv4-vision-dspark-tp2 |  ctx_pp @ d8192 (c1) |  1516.34 ± 10.72 | 1516.34 ± 10.72 |                |                  |    5406.64 ± 38.20 |    5403.41 ± 38.20 |    5406.64 ± 38.20 |
| dsv4-vision-dspark-tp2 |  ctx_tg @ d8192 (c1) |     41.77 ± 4.85 |    41.77 ± 4.85 |   50.50 ± 8.50 |     50.50 ± 8.50 |                    |                    |                    |
| dsv4-vision-dspark-tp2 |  pp2048 @ d8192 (c1) |    498.95 ± 1.36 |   498.95 ± 1.36 |                |                  |    4107.88 ± 11.19 |    4104.65 ± 11.19 |    4107.88 ± 11.19 |
| dsv4-vision-dspark-tp2 |   tg128 @ d8192 (c1) |     43.58 ± 1.07 |    43.58 ± 1.07 |   52.00 ± 2.00 |     52.00 ± 2.00 |                    |                    |                    |
| dsv4-vision-dspark-tp2 |  ctx_pp @ d8192 (c2) |   1735.10 ± 2.16 |  906.58 ± 38.73 |                |                  |   9057.00 ± 386.82 |   9053.77 ± 386.82 |   9057.00 ± 386.82 |
| dsv4-vision-dspark-tp2 |  ctx_tg @ d8192 (c2) |     46.70 ± 3.64 |    26.04 ± 3.56 |   71.50 ± 5.50 |     37.25 ± 5.93 |                    |                    |                    |
| dsv4-vision-dspark-tp2 |  pp2048 @ d8192 (c2) |    558.31 ± 8.08 |  311.95 ± 33.06 |                |                  |   6642.86 ± 702.56 |   6639.63 ± 702.56 |   6642.86 ± 702.56 |
| dsv4-vision-dspark-tp2 |   tg128 @ d8192 (c2) |     46.28 ± 4.34 |    27.99 ± 4.21 |  77.00 ± 10.00 |     38.75 ± 5.36 |                    |                    |                    |
| dsv4-vision-dspark-tp2 |  ctx_pp @ d8192 (c5) |  1981.68 ± 28.28 |  405.64 ± 19.35 |                |                  |  20244.28 ± 909.00 |  20241.05 ± 909.00 |  20244.28 ± 909.00 |
| dsv4-vision-dspark-tp2 |  ctx_tg @ d8192 (c5) |     65.44 ± 0.17 |    17.59 ± 2.10 |  122.50 ± 6.50 |     27.30 ± 3.20 |                    |                    |                    |
| dsv4-vision-dspark-tp2 |  pp2048 @ d8192 (c5) |   656.13 ± 12.23 |  138.68 ± 14.06 |                |                  | 14898.72 ± 1265.45 | 14895.49 ± 1265.45 | 14898.72 ± 1265.45 |
| dsv4-vision-dspark-tp2 |   tg128 @ d8192 (c5) |    72.98 ± 16.23 |    19.81 ± 2.60 |  125.50 ± 8.50 |     30.60 ± 2.15 |                    |                    |                    |
| dsv4-vision-dspark-tp2 | ctx_pp @ d16384 (c1) |   1522.46 ± 5.20 |  1522.46 ± 5.20 |                |                  |   10765.51 ± 36.77 |   10762.28 ± 36.77 |   10766.34 ± 36.76 |
| dsv4-vision-dspark-tp2 | ctx_tg @ d16384 (c1) |     49.42 ± 3.12 |    49.42 ± 3.12 |   59.00 ± 4.00 |     59.00 ± 4.00 |                    |                    |                    |
| dsv4-vision-dspark-tp2 | pp2048 @ d16384 (c1) |    496.31 ± 0.71 |   496.31 ± 0.71 |                |                  |     4129.72 ± 5.91 |     4126.49 ± 5.91 |     4131.79 ± 5.83 |
| dsv4-vision-dspark-tp2 |  tg128 @ d16384 (c1) |     37.99 ± 6.95 |    37.99 ± 6.95 |   45.00 ± 6.00 |     45.00 ± 6.00 |                    |                    |                    |
| dsv4-vision-dspark-tp2 | ctx_pp @ d16384 (c2) |   1747.57 ± 0.13 |  893.04 ± 19.01 |                |                  |  18359.01 ± 390.79 |  18355.78 ± 390.79 |  18360.70 ± 390.98 |
| dsv4-vision-dspark-tp2 | ctx_tg @ d16384 (c2) |     50.90 ± 3.40 |    28.85 ± 2.17 |   69.50 ± 4.50 |     36.50 ± 3.20 |                    |                    |                    |
| dsv4-vision-dspark-tp2 | pp2048 @ d16384 (c2) |    550.42 ± 0.52 |  307.95 ± 32.54 |                |                  |   6728.84 ± 710.67 |   6725.61 ± 710.67 |   6730.82 ± 710.85 |
| dsv4-vision-dspark-tp2 |  tg128 @ d16384 (c2) |     48.01 ± 0.41 |    29.39 ± 3.76 |   74.00 ± 0.00 |     43.25 ± 4.21 |                    |                    |                    |
| dsv4-vision-dspark-tp2 | ctx_pp @ d16384 (c5) |   1992.24 ± 6.66 |   403.00 ± 9.05 |                |                  |  40681.04 ± 884.43 |  40677.81 ± 884.43 |  40683.33 ± 885.05 |
| dsv4-vision-dspark-tp2 | ctx_tg @ d16384 (c5) |     69.69 ± 0.75 |    18.36 ± 1.96 | 126.50 ± 15.50 |     28.10 ± 2.30 |                    |                    |                    |
| dsv4-vision-dspark-tp2 | pp2048 @ d16384 (c5) |    647.46 ± 1.55 |  138.93 ± 18.75 |                |                  | 14970.73 ± 1679.91 | 14967.50 ± 1679.91 | 14974.20 ± 1680.59 |
| dsv4-vision-dspark-tp2 |  tg128 @ d16384 (c5) |     56.52 ± 3.63 |    17.99 ± 3.37 |  125.00 ± 5.00 |     28.60 ± 2.65 |                    |                    |                    |
| dsv4-vision-dspark-tp2 | ctx_pp @ d32768 (c1) |   1506.64 ± 0.83 |  1506.64 ± 0.83 |                |                  |   21752.99 ± 12.05 |   21749.76 ± 12.05 |   21754.40 ± 12.06 |
| dsv4-vision-dspark-tp2 | ctx_tg @ d32768 (c1) |     43.82 ± 4.23 |    43.82 ± 4.23 |   55.50 ± 4.50 |     55.50 ± 4.50 |                    |                    |                    |
| dsv4-vision-dspark-tp2 | pp2048 @ d32768 (c1) |    449.01 ± 1.12 |   449.01 ± 1.12 |                |                  |    4564.39 ± 11.35 |    4561.16 ± 11.35 |    4566.68 ± 11.23 |
| dsv4-vision-dspark-tp2 |  tg128 @ d32768 (c1) |     39.25 ± 4.08 |    39.25 ± 4.08 |   49.00 ± 4.00 |     49.00 ± 4.00 |                    |                    |                    |
| dsv4-vision-dspark-tp2 | ctx_pp @ d32768 (c2) |   1756.73 ± 1.19 |   888.14 ± 9.64 |                |                  |  36903.78 ± 400.56 |  36900.55 ± 400.56 |  36906.69 ± 400.45 |
| dsv4-vision-dspark-tp2 | ctx_tg @ d32768 (c2) |     46.73 ± 2.11 |    26.67 ± 4.41 |   62.50 ± 3.50 |     36.25 ± 2.17 |                    |                    |                    |
| dsv4-vision-dspark-tp2 | pp2048 @ d32768 (c2) |    526.86 ± 8.34 |  294.14 ± 30.84 |                |                  |   7043.14 ± 738.12 |   7039.91 ± 738.12 |   7046.44 ± 738.07 |
| dsv4-vision-dspark-tp2 |  tg128 @ d32768 (c2) |     42.99 ± 2.00 |    25.91 ± 5.00 |   69.00 ± 9.00 |     37.00 ± 3.81 |                    |                    |                    |
| dsv4-vision-dspark-tp2 | ctx_pp @ d32768 (c5) |   1972.91 ± 4.68 |   396.87 ± 4.55 |                |                  |  82583.49 ± 931.05 |  82580.26 ± 931.05 |  82588.77 ± 932.09 |
| dsv4-vision-dspark-tp2 | ctx_tg @ d32768 (c5) |     66.13 ± 0.92 |    17.97 ± 1.75 |  118.50 ± 9.50 |     28.30 ± 2.90 |                    |                    |                    |
| dsv4-vision-dspark-tp2 | pp2048 @ d32768 (c5) |    622.27 ± 0.76 |  133.54 ± 17.99 |                |                  | 15575.01 ± 1744.90 | 15571.78 ± 1744.90 | 15580.09 ± 1746.15 |
| dsv4-vision-dspark-tp2 |  tg128 @ d32768 (c5) |     53.75 ± 3.61 |    17.69 ± 3.75 | 122.50 ± 17.50 |     30.30 ± 4.15 |                    |                    |                    |